time_window,source_node,route_id,packets_sent,packets_lost,loss_rate,utilization,traffic_rate_kbps
0,0,route_0_to_9,48,4,0.0833333,0.0161587,200
0,1,route_1_to_9,48,0,0,0.0161587,200
0,5,route_5_to_9,9,0,0,0.00013824,200
0,2,route_2_to_9,48,0,0,0.0161587,200
0,8,route_8_to_9,1,0,0,1.536e-05,200
0,3,route_3_to_9,48,0,0,0.0161587,200
0,4,route_4_to_9,48,0,0,0.0161587,200
0,5,route_5_to_9,48,0,0,0.0161587,200
0,6,route_6_to_9,48,0,0,0.0161587,200
0,7,route_7_to_9,48,20,0.416667,0.0161587,200
0,8,route_8_to_9,48,0,0,0.0161587,200
1,0,route_0_to_9,74,0,0,0.0249114,200
1,1,route_1_to_9,71,0,0,0.0239014,200
1,2,route_2_to_9,69,0,0,0.0232282,200
1,3,route_3_to_9,66,0,0,0.0222182,200
1,4,route_4_to_9,64,0,0,0.021545,200
1,5,route_5_to_9,61,0,0,0.020535,200
1,6,route_6_to_9,59,0,0,0.0198618,200
1,7,route_7_to_9,56,0,0,0.0188518,200
1,8,route_8_to_9,54,0,0,0.0181786,200
2,0,route_0_to_9,48,0,0,0.0161587,200
2,1,route_1_to_9,51,0,0,0.0171686,200
2,2,route_2_to_9,53,0,0,0.0178419,200
2,3,route_3_to_9,56,0,0,0.0188518,200
2,4,route_4_to_9,58,0,0,0.0195251,200
2,5,route_5_to_9,61,0,0,0.020535,200
2,6,route_6_to_9,63,0,0,0.0212083,200
2,7,route_7_to_9,66,0,0,0.0222182,200
2,8,route_8_to_9,68,0,0,0.0228915,200
3,0,route_0_to_9,74,0,0,0.0249114,200
3,1,route_1_to_9,71,0,0,0.0239014,200
3,2,route_2_to_9,69,0,0,0.0232282,200
3,3,route_3_to_9,66,0,0,0.0222182,200
3,4,route_4_to_9,64,0,0,0.021545,200
3,5,route_5_to_9,61,0,0,0.020535,200
3,6,route_6_to_9,59,0,0,0.0198618,200
3,7,route_7_to_9,57,0,0,0.0191885,200
3,8,route_8_to_9,54,0,0,0.0181786,200
4,0,route_0_to_9,48,0,0,0.0161587,200
4,1,route_1_to_9,51,0,0,0.0171686,200
4,5,route_5_to_9,1,0,0,1.28e-05,200
4,2,route_2_to_9,53,0,0,0.0178419,200
4,3,route_3_to_9,56,0,0,0.0188518,200
4,4,route_4_to_9,58,0,0,0.0195251,200
4,5,route_5_to_9,61,0,0,0.020535,200
4,6,route_6_to_9,63,0,0,0.0212083,200
4,7,route_7_to_9,65,0,0,0.0218816,200
4,8,route_8_to_9,68,0,0,0.0228915,200
5,0,route_0_to_9,74,0,0,0.0249114,200
5,1,route_1_to_9,71,0,0,0.0239014,200
5,5,route_5_to_9,1,0,0,1.28e-05,200
5,2,route_2_to_9,69,0,0,0.0232282,200
5,3,route_3_to_9,66,0,0,0.0222182,200
5,4,route_4_to_9,64,0,0,0.021545,200
5,5,route_5_to_9,62,1,0.016129,0.0208717,200
5,6,route_6_to_9,59,0,0,0.0198618,200
5,7,route_7_to_9,57,0,0,0.0191885,200
5,8,route_8_to_9,54,0,0,0.0181786,200
6,0,route_0_to_9,49,0,0,0.0164954,200
6,1,route_1_to_9,52,0,0,0.0175053,200
6,2,route_2_to_9,54,0,0,0.0181786,200
6,3,route_3_to_9,57,0,0,0.0191885,200
6,4,route_4_to_9,59,0,0,0.0198618,200
6,5,route_5_to_9,61,0,0,0.020535,200
6,6,route_6_to_9,64,0,0,0.021545,200
6,7,route_7_to_9,66,0,0,0.0222182,200
6,8,route_8_to_9,69,0,0,0.0232282,200
7,0,route_0_to_9,73,0,0,0.0245747,200
7,1,route_1_to_9,70,0,0,0.0235648,200
7,2,route_2_to_9,68,0,0,0.0228915,200
7,3,route_3_to_9,65,0,0,0.0218816,200
7,4,route_4_to_9,63,0,0,0.0212083,200
7,5,route_5_to_9,61,0,0,0.020535,200
7,6,route_6_to_9,58,0,0,0.0195251,200
7,7,route_7_to_9,56,0,0,0.0188518,200
7,8,route_8_to_9,53,0,0,0.0178419,200
8,0,route_0_to_9,49,0,0,0.0164954,200
8,1,route_1_to_9,52,0,0,0.0175053,200
8,2,route_2_to_9,54,0,0,0.0181786,200
8,3,route_3_to_9,57,0,0,0.0191885,200
8,4,route_4_to_9,59,0,0,0.0198618,200
8,5,route_5_to_9,61,0,0,0.020535,200
8,6,route_6_to_9,64,0,0,0.021545,200
8,7,route_7_to_9,66,0,0,0.0222182,200
8,8,route_8_to_9,69,0,0,0.0232282,200
9,0,route_0_to_9,73,0,0,0.0245747,200
9,1,route_1_to_9,70,0,0,0.0235648,200
9,2,route_2_to_9,68,0,0,0.0228915,200
9,3,route_3_to_9,66,1,0.0151515,0.0222182,200
9,4,route_4_to_9,63,0,0,0.0212083,200
9,5,route_5_to_9,61,0,0,0.020535,200
9,6,route_6_to_9,58,0,0,0.0195251,200
9,7,route_7_to_9,56,0,0,0.0188518,200
9,8,route_8_to_9,53,0,0,0.0178419,200
10,0,route_0_to_9,49,0,0,0.0164954,200
10,1,route_1_to_9,52,0,0,0.0175053,200
10,2,route_2_to_9,54,0,0,0.0181786,200
10,3,route_3_to_9,56,0,0,0.0188518,200
10,4,route_4_to_9,59,0,0,0.0198618,200
10,5,route_5_to_9,61,0,0,0.020535,200
10,6,route_6_to_9,64,0,0,0.021545,200
10,7,route_7_to_9,66,0,0,0.0222182,200
10,8,route_8_to_9,69,0,0,0.0232282,200
11,0,route_0_to_9,73,0,0,0.0245747,200
11,1,route_1_to_9,70,0,0,0.0235648,200
11,2,route_2_to_9,68,0,0,0.0228915,200
11,3,route_3_to_9,66,0,0,0.0222182,200
11,4,route_4_to_9,63,0,0,0.0212083,200
11,5,route_5_to_9,61,0,0,0.020535,200
11,6,route_6_to_9,58,0,0,0.0195251,200
11,7,route_7_to_9,56,0,0,0.0188518,200
11,8,route_8_to_9,53,0,0,0.0178419,200
12,0,route_0_to_9,49,0,0,0.0164954,200
12,1,route_1_to_9,52,0,0,0.0175053,200
12,2,route_2_to_9,54,0,0,0.0181786,200
12,3,route_3_to_9,56,0,0,0.0188518,200
12,4,route_4_to_9,59,0,0,0.0198618,200
12,5,route_5_to_9,61,0,0,0.020535,200
12,6,route_6_to_9,64,0,0,0.021545,200
12,7,route_7_to_9,66,0,0,0.0222182,200
12,8,route_8_to_9,69,0,0,0.0232282,200
13,0,route_0_to_9,73,0,0,0.0245747,200
13,1,route_1_to_9,71,0,0,0.0239014,200
13,2,route_2_to_9,68,0,0,0.0228915,200
13,3,route_3_to_9,66,0,0,0.0222182,200
13,4,route_4_to_9,63,0,0,0.0212083,200
13,5,route_5_to_9,61,0,0,0.020535,200
13,6,route_6_to_9,58,0,0,0.0195251,200
13,7,route_7_to_9,56,0,0,0.0188518,200
13,8,route_8_to_9,53,0,0,0.0178419,200
14,0,route_0_to_9,49,0,0,0.0164954,200
14,1,route_1_to_9,51,0,0,0.0171686,200
14,2,route_2_to_9,54,0,0,0.0181786,200
14,3,route_3_to_9,56,0,0,0.0188518,200
14,4,route_4_to_9,59,0,0,0.0198618,200
14,5,route_5_to_9,61,0,0,0.020535,200
14,6,route_6_to_9,64,0,0,0.021545,200
14,7,route_7_to_9,66,0,0,0.0222182,200
14,8,route_8_to_9,69,0,0,0.0232282,200
15,0,route_0_to_9,73,0,0,0.0245747,200
15,1,route_1_to_9,71,0,0,0.0239014,200
15,2,route_2_to_9,68,0,0,0.0228915,200
15,3,route_3_to_9,66,0,0,0.0222182,200
15,4,route_4_to_9,63,0,0,0.0212083,200
15,5,route_5_to_9,61,0,0,0.020535,200
15,6,route_6_to_9,58,0,0,0.0195251,200
15,7,route_7_to_9,56,0,0,0.0188518,200
15,8,route_8_to_9,54,0,0,0.0181786,200
16,0,route_0_to_9,49,0,0,0.0164954,200
16,1,route_1_to_9,51,0,0,0.0171686,200
16,2,route_2_to_9,54,0,0,0.0181786,200
16,3,route_3_to_9,56,0,0,0.0188518,200
16,4,route_4_to_9,59,0,0,0.0198618,200
16,5,route_5_to_9,61,0,0,0.020535,200
16,6,route_6_to_9,64,0,0,0.021545,200
16,7,route_7_to_9,66,0,0,0.0222182,200
16,8,route_8_to_9,68,0,0,0.0228915,200
17,0,route_0_to_9,73,0,0,0.0245747,200
17,1,route_1_to_9,71,0,0,0.0239014,200
17,2,route_2_to_9,68,0,0,0.0228915,200
17,3,route_3_to_9,66,0,0,0.0222182,200
17,4,route_4_to_9,63,0,0,0.0212083,200
17,5,route_5_to_9,61,0,0,0.020535,200
17,6,route_6_to_9,58,0,0,0.0195251,200
17,7,route_7_to_9,56,0,0,0.0188518,200
17,8,route_8_to_9,54,0,0,0.0181786,200
18,0,route_0_to_9,49,0,0,0.0164954,200
18,1,route_1_to_9,51,0,0,0.0171686,200
18,2,route_2_to_9,54,0,0,0.0181786,200
18,3,route_3_to_9,56,0,0,0.0188518,200
18,4,route_4_to_9,59,0,0,0.0198618,200
18,5,route_5_to_9,61,0,0,0.020535,200
18,6,route_6_to_9,64,0,0,0.021545,200
18,7,route_7_to_9,66,0,0,0.0222182,200
18,8,route_8_to_9,68,0,0,0.0228915,200
19,0,route_0_to_9,73,0,0,0.0245747,400
19,1,route_1_to_9,71,0,0,0.0239014,400
19,2,route_2_to_9,68,0,0,0.0228915,400
19,3,route_3_to_9,66,0,0,0.0222182,400
19,4,route_4_to_9,63,0,0,0.0212083,400
19,5,route_5_to_9,61,0,0,0.020535,400
19,6,route_6_to_9,59,0,0,0.0198618,400
19,7,route_7_to_9,56,0,0,0.0188518,400
19,8,route_8_to_9,54,0,0,0.0181786,400
20,0,route_0_to_9,97,4,0.0412371,0.0326541,400
20,1,route_1_to_9,101,4,0.039604,0.0340006,400
20,5,route_5_to_9,28,0,0,0.00043008,400
20,2,route_2_to_9,107,10,0.0934579,0.0360205,400
20,8,route_8_to_9,9,1,0.111111,0.00013248,400
20,3,route_3_to_9,111,16,0.144144,0.037367,400
20,4,route_4_to_9,117,9,0.0769231,0.0393869,400
20,5,route_5_to_9,121,0,0,0.0407334,400
20,6,route_6_to_9,125,8,0.064,0.04208,400
20,7,route_7_to_9,131,15,0.114504,0.0440998,400
20,8,route_8_to_9,135,5,0.037037,0.0454464,400
21,0,route_0_to_9,147,11,0.0748299,0.0494861,400
21,1,route_1_to_9,142,11,0.0774648,0.0478029,400
21,5,route_5_to_9,30,0,0,0.00046592,400
21,2,route_2_to_9,137,29,0.211679,0.0461197,400
21,8,route_8_to_9,22,1,0.0454545,0.00036608,400
21,3,route_3_to_9,132,28,0.212121,0.0444365,400
21,4,route_4_to_9,127,6,0.0472441,0.0427533,400
21,5,route_5_to_9,122,4,0.0327869,0.0410701,400
21,6,route_6_to_9,117,43,0.367521,0.0393869,400
21,7,route_7_to_9,112,45,0.401786,0.0377037,400
21,8,route_8_to_9,108,10,0.0925926,0.0363571,400
22,0,route_0_to_9,97,0,0,0.0326541,400
22,1,route_1_to_9,102,0,0,0.0343373,400
22,5,route_5_to_9,6,0,0,9.216e-05,400
22,2,route_2_to_9,107,0,0,0.0360205,400
22,8,route_8_to_9,1,0,0,1.536e-05,400
22,3,route_3_to_9,112,0,0,0.0377037,400
22,4,route_4_to_9,117,2,0.017094,0.0393869,400
22,5,route_5_to_9,122,1,0.00819672,0.0410701,400
22,6,route_6_to_9,127,2,0.015748,0.0427533,400
22,7,route_7_to_9,132,18,0.136364,0.0444365,400
22,8,route_8_to_9,136,2,0.0147059,0.045783,400
23,0,route_0_to_9,147,23,0.156463,0.0494861,400
23,1,route_1_to_9,142,23,0.161972,0.0478029,400
23,5,route_5_to_9,60,1,0.0166667,0.00092416,400
23,2,route_2_to_9,137,29,0.211679,0.0461197,400
23,8,route_8_to_9,38,3,0.0789474,0.00062208,400
23,3,route_3_to_9,132,45,0.340909,0.0444365,400
23,4,route_4_to_9,127,16,0.125984,0.0427533,400
23,5,route_5_to_9,122,5,0.0409836,0.0410701,400
23,6,route_6_to_9,117,21,0.179487,0.0393869,400
23,7,route_7_to_9,113,48,0.424779,0.0380403,400
23,8,route_8_to_9,108,11,0.101852,0.0363571,400
24,0,route_0_to_9,97,3,0.0309278,0.0326541,400
24,1,route_1_to_9,102,5,0.0490196,0.0343373,400
24,5,route_5_to_9,31,1,0.0322581,0.0004736,400
24,2,route_2_to_9,107,16,0.149533,0.0360205,400
24,8,route_8_to_9,26,0,0,0.00042752,400
24,3,route_3_to_9,112,43,0.383929,0.0377037,400
24,4,route_4_to_9,117,6,0.0512821,0.0393869,400
24,5,route_5_to_9,122,1,0.00819672,0.0410701,400
24,6,route_6_to_9,127,11,0.0866142,0.0427533,400
24,7,route_7_to_9,131,102,0.778626,0.0440998,400
24,8,route_8_to_9,136,5,0.0367647,0.045783,400
25,0,route_0_to_9,147,9,0.0612245,0.0494861,400
25,1,route_1_to_9,142,5,0.0352113,0.0478029,400
25,5,route_5_to_9,40,1,0.025,0.00061184,400
25,2,route_2_to_9,137,13,0.0948905,0.0461197,400
25,8,route_8_to_9,21,0,0,0.00033536,400
25,3,route_3_to_9,132,26,0.19697,0.0444365,400
25,4,route_4_to_9,127,8,0.0629921,0.0427533,400
25,5,route_5_to_9,123,5,0.0406504,0.0414067,400
25,6,route_6_to_9,118,17,0.144068,0.0397235,400
25,7,route_7_to_9,113,101,0.893805,0.0380403,400
25,8,route_8_to_9,108,10,0.0925926,0.0363571,400
26,0,route_0_to_9,98,7,0.0714286,0.0329907,400
26,1,route_1_to_9,103,3,0.0291262,0.0346739,400
26,5,route_5_to_9,40,0,0,0.00060672,400
26,2,route_2_to_9,108,8,0.0740741,0.0363571,400
26,8,route_8_to_9,24,0,0,0.00038656,400
26,3,route_3_to_9,113,14,0.123894,0.0380403,400
26,4,route_4_to_9,118,7,0.059322,0.0397235,400
26,5,route_5_to_9,122,0,0,0.0410701,400
26,6,route_6_to_9,127,1,0.00787402,0.0427533,400
26,7,route_7_to_9,132,15,0.113636,0.0444365,400
26,8,route_8_to_9,137,5,0.0364964,0.0461197,400
27,0,route_0_to_9,146,10,0.0684932,0.0491494,400
27,1,route_1_to_9,141,5,0.035461,0.0474662,400
27,5,route_5_to_9,23,1,0.0434783,0.00035328,400
27,2,route_2_to_9,136,11,0.0808824,0.045783,400
27,8,route_8_to_9,14,2,0.142857,0.00021504,400
27,3,route_3_to_9,131,14,0.10687,0.0440998,400
27,4,route_4_to_9,127,6,0.0472441,0.0427533,400
27,5,route_5_to_9,122,2,0.0163934,0.0410701,400
27,6,route_6_to_9,117,32,0.273504,0.0393869,400
27,7,route_7_to_9,112,21,0.1875,0.0377037,400
27,8,route_8_to_9,107,9,0.0841121,0.0360205,400
28,0,route_0_to_9,98,6,0.0612245,0.0329907,400
28,1,route_1_to_9,103,6,0.0582524,0.0346739,400
28,5,route_5_to_9,32,0,0,0.00049408,400
28,2,route_2_to_9,108,9,0.0833333,0.0363571,400
28,8,route_8_to_9,15,0,0,0.00023552,400
28,3,route_3_to_9,113,22,0.19469,0.0380403,400
28,4,route_4_to_9,117,3,0.025641,0.0393869,400
28,5,route_5_to_9,122,2,0.0163934,0.0410701,400
28,6,route_6_to_9,127,8,0.0629921,0.0427533,400
28,7,route_7_to_9,132,23,0.174242,0.0444365,400
28,8,route_8_to_9,137,3,0.0218978,0.0461197,400
29,0,route_0_to_9,146,0,0,0.0491494,400
29,1,route_1_to_9,141,0,0,0.0474662,400
29,5,route_5_to_9,1,0,0,1.28e-05,400
29,2,route_2_to_9,136,0,0,0.045783,400
29,3,route_3_to_9,132,1,0.00757576,0.0444365,400
29,4,route_4_to_9,127,0,0,0.0427533,400
29,5,route_5_to_9,122,0,0,0.0410701,400
29,6,route_6_to_9,117,0,0,0.0393869,400
29,7,route_7_to_9,112,0,0,0.0377037,400
29,8,route_8_to_9,107,0,0,0.0360205,400
30,0,route_0_to_9,98,0,0,0.0329907,400
30,1,route_1_to_9,103,0,0,0.0346739,400
30,2,route_2_to_9,108,0,0,0.0363571,400
30,3,route_3_to_9,112,0,0,0.0377037,400
30,4,route_4_to_9,117,0,0,0.0393869,400
30,5,route_5_to_9,122,0,0,0.0410701,400
30,6,route_6_to_9,127,0,0,0.0427533,400
30,7,route_7_to_9,132,0,0,0.0444365,400
30,8,route_8_to_9,137,0,0,0.0461197,400
31,0,route_0_to_9,146,0,0,0.0491494,400
31,1,route_1_to_9,141,0,0,0.0474662,400
31,2,route_2_to_9,137,0,0,0.0461197,400
31,3,route_3_to_9,132,0,0,0.0444365,400
31,4,route_4_to_9,127,0,0,0.0427533,400
31,5,route_5_to_9,122,0,0,0.0410701,400
31,6,route_6_to_9,117,0,0,0.0393869,400
31,7,route_7_to_9,112,0,0,0.0377037,400
31,8,route_8_to_9,107,0,0,0.0360205,400
32,0,route_0_to_9,98,0,0,0.0329907,400
32,1,route_1_to_9,103,0,0,0.0346739,400
32,2,route_2_to_9,107,0,0,0.0360205,400
32,3,route_3_to_9,112,0,0,0.0377037,400
32,4,route_4_to_9,117,0,0,0.0393869,400
32,5,route_5_to_9,122,0,0,0.0410701,400
32,6,route_6_to_9,127,0,0,0.0427533,400
32,7,route_7_to_9,132,0,0,0.0444365,400
32,8,route_8_to_9,137,0,0,0.0461197,400
33,0,route_0_to_9,146,0,0,0.0491494,400
33,1,route_1_to_9,142,0,0,0.0478029,400
33,2,route_2_to_9,137,0,0,0.0461197,400
33,3,route_3_to_9,132,0,0,0.0444365,400
33,4,route_4_to_9,127,0,0,0.0427533,400
33,5,route_5_to_9,122,0,0,0.0410701,400
33,6,route_6_to_9,117,0,0,0.0393869,400
33,7,route_7_to_9,112,0,0,0.0377037,400
33,8,route_8_to_9,107,0,0,0.0360205,400
34,0,route_0_to_9,98,17,0.173469,0.0329907,400
34,1,route_1_to_9,102,13,0.127451,0.0343373,400
34,5,route_5_to_9,73,0,0,0.0011136,400
34,2,route_2_to_9,107,37,0.345794,0.0360205,400
34,8,route_8_to_9,25,2,0.08,0.00039936,400
34,3,route_3_to_9,112,38,0.339286,0.0377037,400
34,4,route_4_to_9,117,12,0.102564,0.0393869,400
34,5,route_5_to_9,122,3,0.0245902,0.0410701,400
34,6,route_6_to_9,127,18,0.141732,0.0427533,400
34,7,route_7_to_9,132,63,0.477273,0.0444365,400
34,8,route_8_to_9,137,15,0.109489,0.0461197,400
35,0,route_0_to_9,147,32,0.217687,0.0494861,400
35,1,route_1_to_9,142,3,0.0211268,0.0478029,400
35,5,route_5_to_9,47,0,0,0.0007168,400
35,2,route_2_to_9,137,5,0.0364964,0.0461197,400
35,8,route_8_to_9,10,0,0,0.00016384,400
35,3,route_3_to_9,132,20,0.151515,0.0444365,400
35,4,route_4_to_9,127,15,0.11811,0.0427533,400
35,5,route_5_to_9,122,0,0,0.0410701,400
35,6,route_6_to_9,117,8,0.0683761,0.0393869,400
35,7,route_7_to_9,112,27,0.241071,0.0377037,400
35,8,route_8_to_9,108,6,0.0555556,0.0363571,400
36,0,route_0_to_9,97,0,0,0.0326541,400
36,1,route_1_to_9,102,3,0.0294118,0.0343373,400
36,5,route_5_to_9,31,0,0,0.00047616,400
36,2,route_2_to_9,107,6,0.0560748,0.0360205,400
36,8,route_8_to_9,16,0,0,0.0002432,400
36,3,route_3_to_9,112,53,0.473214,0.0377037,400
36,4,route_4_to_9,117,8,0.0683761,0.0393869,400
36,5,route_5_to_9,122,0,0,0.0410701,400
36,6,route_6_to_9,127,3,0.023622,0.0427533,400
36,7,route_7_to_9,132,40,0.30303,0.0444365,400
36,8,route_8_to_9,136,4,0.0294118,0.045783,400
37,0,route_0_to_9,147,0,0,0.0494861,400
37,1,route_1_to_9,142,0,0,0.0478029,400
37,2,route_2_to_9,137,0,0,0.0461197,400
37,3,route_3_to_9,132,0,0,0.0444365,400
37,4,route_4_to_9,127,0,0,0.0427533,400
37,5,route_5_to_9,122,0,0,0.0410701,400
37,6,route_6_to_9,117,0,0,0.0393869,400
37,7,route_7_to_9,113,0,0,0.0380403,400
37,8,route_8_to_9,108,0,0,0.0363571,400
38,0,route_0_to_9,97,0,0,0.0326541,400
38,1,route_1_to_9,102,0,0,0.0343373,400
38,2,route_2_to_9,107,0,0,0.0360205,400
38,3,route_3_to_9,112,0,0,0.0377037,400
38,4,route_4_to_9,117,0,0,0.0393869,400
38,5,route_5_to_9,122,0,0,0.0410701,400
38,6,route_6_to_9,127,0,0,0.0427533,400
38,7,route_7_to_9,131,0,0,0.0440998,400
38,8,route_8_to_9,136,0,0,0.045783,400
39,0,route_0_to_9,147,0,0,0.0494861,800
39,1,route_1_to_9,142,0,0,0.0478029,800
39,2,route_2_to_9,137,0,0,0.0461197,800
39,3,route_3_to_9,132,0,0,0.0444365,800
39,4,route_4_to_9,127,0,0,0.0427533,800
39,5,route_5_to_9,122,0,0,0.0410701,800
39,6,route_6_to_9,118,0,0,0.0397235,800
39,7,route_7_to_9,113,0,0,0.0380403,800
39,8,route_8_to_9,108,0,0,0.0363571,800
40,0,route_0_to_9,195,86,0.441026,0.0656448,800
40,1,route_1_to_9,204,73,0.357843,0.0686746,800
40,5,route_5_to_9,47,1,0.0212766,0.00073216,800
40,2,route_2_to_9,214,150,0.700935,0.072041,800
40,8,route_8_to_9,58,1,0.0172414,0.00095232,800
40,3,route_3_to_9,224,159,0.709821,0.0754074,800
40,4,route_4_to_9,234,97,0.41453,0.0787738,800
40,5,route_5_to_9,244,21,0.0860656,0.0821402,800
40,6,route_6_to_9,252,132,0.52381,0.0848333,800
40,7,route_7_to_9,262,248,0.946565,0.0881997,800
40,8,route_8_to_9,272,30,0.110294,0.0915661,800
41,0,route_0_to_9,293,177,0.604096,0.0986355,800
41,1,route_1_to_9,283,73,0.257951,0.0952691,800
41,5,route_5_to_9,77,2,0.025974,0.00118272,800
41,2,route_2_to_9,273,205,0.750916,0.0919027,800
41,8,route_8_to_9,30,0,0,0.0005376,800
41,3,route_3_to_9,263,216,0.821293,0.0885363,800
41,4,route_4_to_9,254,85,0.334646,0.0855066,800
41,5,route_5_to_9,244,43,0.17623,0.0821402,800
41,6,route_6_to_9,234,79,0.337607,0.0787738,800
41,7,route_7_to_9,224,218,0.973214,0.0754074,800
41,8,route_8_to_9,215,19,0.0883721,0.0723776,800
42,0,route_0_to_9,195,124,0.635897,0.0656448,800
42,1,route_1_to_9,205,88,0.429268,0.0690112,800
42,5,route_5_to_9,71,0,0,0.00108544,800
42,2,route_2_to_9,215,184,0.855814,0.0723776,800
42,8,route_8_to_9,64,1,0.015625,0.00101888,800
42,3,route_3_to_9,225,207,0.92,0.075744,800
42,4,route_4_to_9,234,74,0.316239,0.0787738,800
42,5,route_5_to_9,244,8,0.0327869,0.0821402,800
42,6,route_6_to_9,254,134,0.527559,0.0855066,800
42,7,route_7_to_9,264,251,0.950758,0.088873,800
42,8,route_8_to_9,273,40,0.14652,0.0919027,800
43,0,route_0_to_9,293,189,0.645051,0.0986355,800
43,1,route_1_to_9,283,153,0.540636,0.0952691,800
43,5,route_5_to_9,88,0,0,0.00136448,800
43,2,route_2_to_9,274,193,0.70438,0.0922394,800
43,8,route_8_to_9,56,4,0.0714286,0.0009728,800
43,3,route_3_to_9,264,254,0.962121,0.088873,800
43,4,route_4_to_9,254,83,0.326772,0.0855066,800
43,5,route_5_to_9,244,28,0.114754,0.0821402,800
43,6,route_6_to_9,234,124,0.529915,0.0787738,800
43,7,route_7_to_9,225,201,0.893333,0.075744,800
43,8,route_8_to_9,215,36,0.167442,0.0723776,800
44,0,route_0_to_9,195,169,0.866667,0.0656448,800
44,1,route_1_to_9,205,60,0.292683,0.0690112,800
44,5,route_5_to_9,94,4,0.0425532,0.0014464,800
44,2,route_2_to_9,214,148,0.691589,0.072041,800
44,8,route_8_to_9,63,0,0,0.00100864,800
44,3,route_3_to_9,224,174,0.776786,0.0754074,800
44,4,route_4_to_9,234,69,0.294872,0.0787738,800
44,5,route_5_to_9,244,31,0.127049,0.0821402,800
44,6,route_6_to_9,254,164,0.645669,0.0855066,800
44,7,route_7_to_9,263,254,0.965779,0.0885363,800
44,8,route_8_to_9,273,39,0.142857,0.0919027,800
45,0,route_0_to_9,293,194,0.662116,0.0986355,800
45,1,route_1_to_9,284,181,0.637324,0.0956058,800
45,5,route_5_to_9,135,1,0.00740741,0.0020992,800
45,2,route_2_to_9,274,225,0.821168,0.0922394,800
45,8,route_8_to_9,73,1,0.0136986,0.00118528,800
45,3,route_3_to_9,264,256,0.969697,0.088873,800
45,4,route_4_to_9,254,78,0.307087,0.0855066,800
45,5,route_5_to_9,245,37,0.15102,0.0824768,800
45,6,route_6_to_9,235,146,0.621277,0.0791104,800
45,7,route_7_to_9,225,157,0.697778,0.075744,800
45,8,route_8_to_9,215,34,0.15814,0.0723776,800
46,0,route_0_to_9,196,173,0.882653,0.0659814,800
46,1,route_1_to_9,205,185,0.902439,0.0690112,800
46,5,route_5_to_9,89,1,0.011236,0.00135424,800
46,2,route_2_to_9,215,207,0.962791,0.0723776,800
46,8,route_8_to_9,66,1,0.0151515,0.00114688,800
46,3,route_3_to_9,225,217,0.964444,0.075744,800
46,4,route_4_to_9,235,74,0.314894,0.0791104,800
46,5,route_5_to_9,244,62,0.254098,0.0821402,800
46,6,route_6_to_9,254,131,0.515748,0.0855066,800
46,7,route_7_to_9,264,187,0.708333,0.088873,800
46,8,route_8_to_9,274,41,0.149635,0.0922394,800
47,0,route_0_to_9,293,239,0.8157,0.0986355,800
47,1,route_1_to_9,283,248,0.876325,0.0952691,800
47,5,route_5_to_9,65,1,0.0153846,0.00099584,800
47,2,route_2_to_9,273,192,0.703297,0.0919027,800
47,8,route_8_to_9,80,2,0.025,0.00129792,800
47,3,route_3_to_9,263,241,0.91635,0.0885363,800
47,4,route_4_to_9,254,84,0.330709,0.0855066,800
47,5,route_5_to_9,244,4,0.0163934,0.0821402,800
47,6,route_6_to_9,234,126,0.538462,0.0787738,800
47,7,route_7_to_9,224,202,0.901786,0.0754074,800
47,8,route_8_to_9,214,38,0.17757,0.072041,800
48,0,route_0_to_9,195,183,0.938462,0.0656448,800
48,1,route_1_to_9,205,94,0.458537,0.0690112,800
48,5,route_5_to_9,88,1,0.0113636,0.00135168,800
48,2,route_2_to_9,215,157,0.730233,0.0723776,800
48,8,route_8_to_9,35,3,0.0857143,0.0006144,800
48,3,route_3_to_9,225,177,0.786667,0.075744,800
48,4,route_4_to_9,234,136,0.581197,0.0787738,800
48,5,route_5_to_9,244,32,0.131148,0.0821402,800
48,6,route_6_to_9,254,141,0.555118,0.0855066,800
48,7,route_7_to_9,264,195,0.738636,0.088873,800
48,8,route_8_to_9,274,59,0.215328,0.0922394,800
49,0,route_0_to_9,293,248,0.846416,0.0986355,800
49,1,route_1_to_9,283,206,0.727915,0.0952691,800
49,5,route_5_to_9,49,0,0,0.00074752,800
49,2,route_2_to_9,273,260,0.952381,0.0919027,800
49,8,route_8_to_9,79,1,0.0126582,0.00128256,800
49,3,route_3_to_9,264,263,0.996212,0.088873,800
49,4,route_4_to_9,254,64,0.251969,0.0855066,800
49,5,route_5_to_9,244,15,0.0614754,0.0821402,800
49,6,route_6_to_9,234,31,0.132479,0.0787738,800
49,7,route_7_to_9,225,151,0.671111,0.075744,800
49,8,route_8_to_9,215,67,0.311628,0.0723776,800
50,0,route_0_to_9,195,169,0.866667,0.0656448,800
50,1,route_1_to_9,205,162,0.790244,0.0690112,800
50,5,route_5_to_9,111,1,0.00900901,0.0017024,800
50,2,route_2_to_9,215,190,0.883721,0.0723776,800
50,8,route_8_to_9,33,1,0.030303,0.00059136,800
50,3,route_3_to_9,224,204,0.910714,0.0754074,800
50,4,route_4_to_9,234,99,0.423077,0.0787738,800
50,5,route_5_to_9,244,4,0.0163934,0.0821402,800
50,6,route_6_to_9,254,160,0.629921,0.0855066,800
50,7,route_7_to_9,263,247,0.939163,0.0885363,800
50,8,route_8_to_9,273,61,0.223443,0.0919027,800
51,0,route_0_to_9,293,213,0.726962,0.0986355,800
51,1,route_1_to_9,283,201,0.710247,0.0952691,800
51,5,route_5_to_9,66,0,0,0.00100608,800
51,2,route_2_to_9,274,171,0.624088,0.0922394,800
51,8,route_8_to_9,48,1,0.0208333,0.00078592,800
51,3,route_3_to_9,264,252,0.954545,0.088873,800
51,4,route_4_to_9,254,56,0.220472,0.0855066,800
51,5,route_5_to_9,244,21,0.0860656,0.0821402,800
51,6,route_6_to_9,235,27,0.114894,0.0791104,800
51,7,route_7_to_9,225,161,0.715556,0.075744,800
51,8,route_8_to_9,215,23,0.106977,0.0723776,800
52,0,route_0_to_9,195,155,0.794872,0.0656448,800
52,1,route_1_to_9,205,170,0.829268,0.0690112,800
52,5,route_5_to_9,121,1,0.00826446,0.00186112,800
52,2,route_2_to_9,214,134,0.626168,0.072041,800
52,8,route_8_to_9,63,1,0.015873,0.00102144,800
52,3,route_3_to_9,224,213,0.950893,0.0754074,800
52,4,route_4_to_9,234,83,0.354701,0.0787738,800
52,5,route_5_to_9,244,5,0.0204918,0.0821402,800
52,6,route_6_to_9,253,126,0.498024,0.0851699,800
52,7,route_7_to_9,263,232,0.882129,0.0885363,800
52,8,route_8_to_9,273,39,0.142857,0.0919027,800
53,0,route_0_to_9,293,245,0.836177,0.0986355,800
53,1,route_1_to_9,284,204,0.71831,0.0956058,800
53,5,route_5_to_9,95,2,0.0210526,0.00146176,800
53,2,route_2_to_9,274,222,0.810219,0.0922394,800
53,8,route_8_to_9,57,3,0.0526316,0.0009216,800
53,3,route_3_to_9,264,264,1,0.088873,800
53,4,route_4_to_9,254,38,0.149606,0.0855066,800
53,5,route_5_to_9,245,12,0.0489796,0.0824768,800
53,6,route_6_to_9,235,126,0.53617,0.0791104,800
53,7,route_7_to_9,225,163,0.724444,0.075744,800
53,8,route_8_to_9,215,21,0.0976744,0.0723776,800
54,0,route_0_to_9,196,173,0.882653,0.0659814,800
54,1,route_1_to_9,205,116,0.565854,0.0690112,800
54,5,route_5_to_9,92,2,0.0217391,0.00142336,800
54,2,route_2_to_9,215,162,0.753488,0.0723776,800
54,8,route_8_to_9,67,0,0,0.00106752,800
54,3,route_3_to_9,225,225,1,0.075744,800
54,4,route_4_to_9,235,90,0.382979,0.0791104,800
54,5,route_5_to_9,244,18,0.0737705,0.0821402,800
54,6,route_6_to_9,254,196,0.771654,0.0855066,800
54,7,route_7_to_9,264,261,0.988636,0.088873,800
54,8,route_8_to_9,274,44,0.160584,0.0922394,800
55,0,route_0_to_9,293,276,0.94198,0.0986355,800
55,1,route_1_to_9,283,147,0.519435,0.0952691,800
55,5,route_5_to_9,57,0,0,0.00087808,800
55,2,route_2_to_9,273,260,0.952381,0.0919027,800
55,8,route_8_to_9,86,2,0.0232558,0.00135424,800
55,3,route_3_to_9,263,256,0.973384,0.0885363,800
55,4,route_4_to_9,254,74,0.291339,0.0855066,800
55,5,route_5_to_9,244,25,0.102459,0.0821402,800
55,6,route_6_to_9,234,80,0.34188,0.0787738,800
55,7,route_7_to_9,224,185,0.825893,0.0754074,800
55,8,route_8_to_9,215,34,0.15814,0.0723776,800
56,0,route_0_to_9,195,171,0.876923,0.0656448,800
56,1,route_1_to_9,205,67,0.326829,0.0690112,800
56,5,route_5_to_9,106,0,0,0.00161792,800
56,2,route_2_to_9,215,134,0.623256,0.0723776,800
56,8,route_8_to_9,68,1,0.0147059,0.00108288,800
56,3,route_3_to_9,225,212,0.942222,0.075744,800
56,4,route_4_to_9,234,87,0.371795,0.0787738,800
56,5,route_5_to_9,244,29,0.118852,0.0821402,800
56,6,route_6_to_9,254,110,0.433071,0.0855066,800
56,7,route_7_to_9,264,227,0.859848,0.088873,800
56,8,route_8_to_9,273,45,0.164835,0.0919027,800
57,0,route_0_to_9,293,239,0.8157,0.0986355,800
57,1,route_1_to_9,283,85,0.300353,0.0952691,800
57,5,route_5_to_9,103,6,0.0582524,0.00159744,800
57,2,route_2_to_9,273,194,0.710623,0.0919027,800
57,8,route_8_to_9,50,1,0.02,0.0008192,800
57,3,route_3_to_9,264,211,0.799242,0.088873,800
57,4,route_4_to_9,254,51,0.200787,0.0855066,800
57,5,route_5_to_9,244,23,0.0942623,0.0821402,800
57,6,route_6_to_9,234,89,0.380342,0.0787738,800
57,7,route_7_to_9,225,204,0.906667,0.075744,800
57,8,route_8_to_9,215,17,0.0790698,0.0723776,800
58,0,route_0_to_9,195,88,0.451282,0.0656448,800
58,1,route_1_to_9,205,122,0.595122,0.0690112,800
58,5,route_5_to_9,80,1,0.0125,0.00124672,800
58,2,route_2_to_9,215,162,0.753488,0.0723776,800
58,8,route_8_to_9,62,0,0,0.00104448,800
58,3,route_3_to_9,224,222,0.991071,0.0754074,800
58,4,route_4_to_9,234,78,0.333333,0.0787738,800
58,5,route_5_to_9,244,24,0.0983607,0.0821402,800
58,6,route_6_to_9,254,69,0.271654,0.0855066,800
58,7,route_7_to_9,263,249,0.946768,0.0885363,800
58,8,route_8_to_9,273,57,0.208791,0.0919027,800
59,0,route_0_to_9,293,255,0.870307,0.0986355,500
59,1,route_1_to_9,284,143,0.503521,0.0956058,500
59,5,route_5_to_9,109,0,0,0.00166912,500
59,2,route_2_to_9,274,156,0.569343,0.0922394,500
59,8,route_8_to_9,56,3,0.0535714,0.00091904,500
59,3,route_3_to_9,264,223,0.844697,0.088873,500
59,4,route_4_to_9,254,109,0.429134,0.0855066,500
59,5,route_5_to_9,244,15,0.0614754,0.0821402,500
59,6,route_6_to_9,235,105,0.446809,0.0791104,500
59,7,route_7_to_9,225,197,0.875556,0.075744,500
59,8,route_8_to_9,215,36,0.167442,0.0723776,500
60,0,route_0_to_9,122,63,0.516393,0.0410701,500
60,1,route_1_to_9,128,101,0.789062,0.0430899,500
60,5,route_5_to_9,144,0,0,0.00221952,500
60,2,route_2_to_9,134,127,0.947761,0.0451098,500
60,8,route_8_to_9,81,3,0.037037,0.00128,500
60,3,route_3_to_9,141,134,0.950355,0.0474662,500
60,4,route_4_to_9,147,42,0.285714,0.0494861,500
60,5,route_5_to_9,153,5,0.0326797,0.0515059,500
60,6,route_6_to_9,159,92,0.578616,0.0535258,500
60,7,route_7_to_9,165,112,0.678788,0.0555456,500
60,8,route_8_to_9,171,36,0.210526,0.0575654,500
61,0,route_0_to_9,183,172,0.939891,0.0616051,500
61,1,route_1_to_9,177,68,0.384181,0.0595853,500
61,5,route_5_to_9,135,2,0.0148148,0.00209664,500
61,2,route_2_to_9,170,100,0.588235,0.0572288,500
61,8,route_8_to_9,75,2,0.0266667,0.00122112,500
61,3,route_3_to_9,164,105,0.640244,0.055209,500
61,4,route_4_to_9,158,37,0.234177,0.0531891,500
61,5,route_5_to_9,152,10,0.0657895,0.0511693,500
61,6,route_6_to_9,146,41,0.280822,0.0491494,500
61,7,route_7_to_9,140,100,0.714286,0.0471296,500
61,8,route_8_to_9,134,19,0.141791,0.0451098,500
62,0,route_0_to_9,122,65,0.532787,0.0410701,500
62,1,route_1_to_9,128,73,0.570312,0.0430899,500
62,5,route_5_to_9,80,1,0.0125,0.00122624,500
62,2,route_2_to_9,135,107,0.792593,0.0454464,500
62,8,route_8_to_9,86,1,0.0116279,0.00140288,500
62,3,route_3_to_9,141,138,0.978723,0.0474662,500
62,4,route_4_to_9,147,39,0.265306,0.0494861,500
62,5,route_5_to_9,153,10,0.0653595,0.0515059,500
62,6,route_6_to_9,159,45,0.283019,0.0535258,500
62,7,route_7_to_9,165,121,0.733333,0.0555456,500
62,8,route_8_to_9,171,18,0.105263,0.0575654,500
63,0,route_0_to_9,183,79,0.431694,0.0616051,500
63,1,route_1_to_9,177,76,0.429379,0.0595853,500
63,5,route_5_to_9,135,2,0.0148148,0.00207104,500
63,2,route_2_to_9,171,128,0.748538,0.0575654,500
63,8,route_8_to_9,104,0,0,0.00165632,500
63,3,route_3_to_9,165,165,1,0.0555456,500
63,4,route_4_to_9,158,25,0.158228,0.0531891,500
63,5,route_5_to_9,152,4,0.0263158,0.0511693,500
63,6,route_6_to_9,146,37,0.253425,0.0491494,500
63,7,route_7_to_9,140,77,0.55,0.0471296,500
63,8,route_8_to_9,134,9,0.0671642,0.0451098,500
64,0,route_0_to_9,122,81,0.663934,0.0410701,500
64,1,route_1_to_9,128,6,0.046875,0.0430899,500
64,5,route_5_to_9,142,1,0.00704225,0.002176,500
64,2,route_2_to_9,134,54,0.402985,0.0451098,500
64,8,route_8_to_9,50,1,0.02,0.00077568,500
64,3,route_3_to_9,140,94,0.671429,0.0471296,500
64,4,route_4_to_9,147,46,0.312925,0.0494861,500
64,5,route_5_to_9,153,9,0.0588235,0.0515059,500
64,6,route_6_to_9,159,64,0.402516,0.0535258,500
64,7,route_7_to_9,165,92,0.557576,0.0555456,500
64,8,route_8_to_9,171,22,0.128655,0.0575654,500
65,0,route_0_to_9,183,64,0.349727,0.0616051,500
65,1,route_1_to_9,177,67,0.378531,0.0595853,500
65,5,route_5_to_9,200,0,0,0.00308224,500
65,2,route_2_to_9,171,85,0.497076,0.0575654,500
65,8,route_8_to_9,51,2,0.0392157,0.0007936,500
65,3,route_3_to_9,165,120,0.727273,0.0555456,500
65,4,route_4_to_9,159,16,0.100629,0.0535258,500
65,5,route_5_to_9,153,4,0.0261438,0.0515059,500
65,6,route_6_to_9,146,28,0.191781,0.0491494,500
65,7,route_7_to_9,140,41,0.292857,0.0471296,500
65,8,route_8_to_9,134,10,0.0746269,0.0451098,500
66,0,route_0_to_9,122,10,0.0819672,0.0410701,500
66,1,route_1_to_9,128,14,0.109375,0.0430899,500
66,5,route_5_to_9,140,1,0.00714286,0.00216064,500
66,2,route_2_to_9,134,38,0.283582,0.0451098,500
66,8,route_8_to_9,62,2,0.0322581,0.00099072,500
66,3,route_3_to_9,140,100,0.714286,0.0471296,500
66,4,route_4_to_9,146,47,0.321918,0.0491494,500
66,5,route_5_to_9,152,13,0.0855263,0.0511693,500
66,6,route_6_to_9,159,38,0.238994,0.0535258,500
66,7,route_7_to_9,165,82,0.49697,0.0555456,500
66,8,route_8_to_9,171,21,0.122807,0.0575654,500
67,0,route_0_to_9,183,148,0.808743,0.0616051,500
67,1,route_1_to_9,177,51,0.288136,0.0595853,500
67,5,route_5_to_9,195,1,0.00512821,0.0029824,500
67,2,route_2_to_9,171,78,0.45614,0.0575654,500
67,8,route_8_to_9,44,1,0.0227273,0.00068352,500
67,3,route_3_to_9,165,88,0.533333,0.0555456,500
67,4,route_4_to_9,159,32,0.201258,0.0535258,500
67,5,route_5_to_9,153,5,0.0326797,0.0515059,500
67,6,route_6_to_9,147,39,0.265306,0.0494861,500
67,7,route_7_to_9,140,97,0.692857,0.0471296,500
67,8,route_8_to_9,134,13,0.0970149,0.0451098,500
68,0,route_0_to_9,122,48,0.393443,0.0410701,500
68,1,route_1_to_9,128,37,0.289062,0.0430899,500
68,5,route_5_to_9,187,1,0.00534759,0.00289792,500
68,2,route_2_to_9,134,92,0.686567,0.0451098,500
68,8,route_8_to_9,81,0,0,0.00132608,500
68,3,route_3_to_9,140,113,0.807143,0.0471296,500
68,4,route_4_to_9,146,36,0.246575,0.0491494,500
68,5,route_5_to_9,152,15,0.0986842,0.0511693,500
68,6,route_6_to_9,158,47,0.297468,0.0531891,500
68,7,route_7_to_9,165,101,0.612121,0.0555456,500
68,8,route_8_to_9,171,35,0.204678,0.0575654,500
69,0,route_0_to_9,183,107,0.584699,0.0616051,500
69,1,route_1_to_9,177,117,0.661017,0.0595853,500
69,5,route_5_to_9,108,2,0.0185185,0.00165888,500
69,2,route_2_to_9,171,145,0.847953,0.0575654,500
69,8,route_8_to_9,71,1,0.0140845,0.00115712,500
69,3,route_3_to_9,165,150,0.909091,0.0555456,500
69,4,route_4_to_9,159,27,0.169811,0.0535258,500
69,5,route_5_to_9,153,9,0.0588235,0.0515059,500
69,6,route_6_to_9,147,33,0.22449,0.0494861,500
69,7,route_7_to_9,141,74,0.524823,0.0474662,500
69,8,route_8_to_9,135,20,0.148148,0.0454464,500
70,0,route_0_to_9,122,88,0.721311,0.0410701,500
70,1,route_1_to_9,128,25,0.195312,0.0430899,500
70,5,route_5_to_9,135,2,0.0148148,0.00206848,500
70,2,route_2_to_9,134,120,0.895522,0.0451098,500
70,8,route_8_to_9,54,1,0.0185185,0.00086784,500
70,3,route_3_to_9,140,136,0.971429,0.0471296,500
70,4,route_4_to_9,146,40,0.273973,0.0491494,500
70,5,route_5_to_9,152,27,0.177632,0.0511693,500
70,6,route_6_to_9,158,75,0.474684,0.0531891,500
70,7,route_7_to_9,164,105,0.640244,0.055209,500
70,8,route_8_to_9,170,22,0.129412,0.0572288,500
71,0,route_0_to_9,184,154,0.836957,0.0619418,500
71,1,route_1_to_9,177,100,0.564972,0.0595853,500
71,5,route_5_to_9,192,0,0,0.0029568,500
71,2,route_2_to_9,171,146,0.853801,0.0575654,500
71,8,route_8_to_9,56,0,0,0.00089088,500
71,3,route_3_to_9,165,119,0.721212,0.0555456,500
71,4,route_4_to_9,159,27,0.169811,0.0535258,500
71,5,route_5_to_9,153,26,0.169935,0.0515059,500
71,6,route_6_to_9,147,64,0.435374,0.0494861,500
71,7,route_7_to_9,141,36,0.255319,0.0474662,500
71,8,route_8_to_9,135,16,0.118519,0.0454464,500
72,0,route_0_to_9,122,47,0.385246,0.0410701,500
72,1,route_1_to_9,129,56,0.434109,0.0434266,500
72,5,route_5_to_9,154,3,0.0194805,0.00238848,500
72,2,route_2_to_9,135,119,0.881481,0.0454464,500
72,8,route_8_to_9,59,1,0.0169492,0.00095488,500
72,3,route_3_to_9,141,139,0.985816,0.0474662,500
72,4,route_4_to_9,147,43,0.292517,0.0494861,500
72,5,route_5_to_9,153,16,0.104575,0.0515059,500
72,6,route_6_to_9,159,37,0.232704,0.0535258,500
72,7,route_7_to_9,165,105,0.636364,0.0555456,500
72,8,route_8_to_9,171,24,0.140351,0.0575654,500
73,0,route_0_to_9,183,112,0.612022,0.0616051,500
73,1,route_1_to_9,177,82,0.463277,0.0595853,500
73,5,route_5_to_9,69,3,0.0434783,0.00106752,500
73,2,route_2_to_9,171,152,0.888889,0.0575654,500
73,8,route_8_to_9,90,1,0.0111111,0.00140544,500
73,3,route_3_to_9,164,159,0.969512,0.055209,500
73,4,route_4_to_9,158,32,0.202532,0.0531891,500
73,5,route_5_to_9,152,9,0.0592105,0.0511693,500
73,6,route_6_to_9,146,59,0.40411,0.0491494,500
73,7,route_7_to_9,140,66,0.471429,0.0471296,500
73,8,route_8_to_9,134,25,0.186567,0.0451098,500
74,0,route_0_to_9,122,46,0.377049,0.0410701,500
74,1,route_1_to_9,128,0,0,0.0430899,500
74,5,route_5_to_9,101,0,0,0.00154368,500
74,2,route_2_to_9,134,27,0.201493,0.0451098,500
74,8,route_8_to_9,46,0,0,0.000768,500
74,3,route_3_to_9,141,78,0.553191,0.0474662,500
74,4,route_4_to_9,147,30,0.204082,0.0494861,500
74,5,route_5_to_9,153,3,0.0196078,0.0515059,500
74,6,route_6_to_9,159,25,0.157233,0.0535258,500
74,7,route_7_to_9,165,105,0.636364,0.0555456,500
74,8,route_8_to_9,171,9,0.0526316,0.0575654,500
75,0,route_0_to_9,183,65,0.355191,0.0616051,500
75,1,route_1_to_9,177,28,0.158192,0.0595853,500
75,5,route_5_to_9,195,1,0.00512821,0.00301312,500
75,2,route_2_to_9,171,83,0.48538,0.0575654,500
75,8,route_8_to_9,69,1,0.0144928,0.00107264,500
75,3,route_3_to_9,165,107,0.648485,0.0555456,500
75,4,route_4_to_9,158,26,0.164557,0.0531891,500
75,5,route_5_to_9,152,6,0.0394737,0.0511693,500
75,6,route_6_to_9,146,31,0.212329,0.0491494,500
75,7,route_7_to_9,140,61,0.435714,0.0471296,500
75,8,route_8_to_9,134,12,0.0895522,0.0451098,500
76,0,route_0_to_9,122,22,0.180328,0.0410701,500
76,1,route_1_to_9,128,25,0.195312,0.0430899,500
76,5,route_5_to_9,181,1,0.00552486,0.0027904,500
76,2,route_2_to_9,134,104,0.776119,0.0451098,500
76,8,route_8_to_9,64,1,0.015625,0.0010368,500
76,3,route_3_to_9,140,129,0.921429,0.0471296,500
76,4,route_4_to_9,147,28,0.190476,0.0494861,500
76,5,route_5_to_9,153,17,0.111111,0.0515059,500
76,6,route_6_to_9,159,76,0.477987,0.0535258,500
76,7,route_7_to_9,165,92,0.557576,0.0555456,500
76,8,route_8_to_9,171,20,0.116959,0.0575654,500
77,0,route_0_to_9,183,39,0.213115,0.0616051,500
77,1,route_1_to_9,177,23,0.129944,0.0595853,500
77,5,route_5_to_9,165,0,0,0.00252416,500
77,2,route_2_to_9,171,65,0.380117,0.0575654,500
77,8,route_8_to_9,58,3,0.0517241,0.00089856,500
77,3,route_3_to_9,165,118,0.715152,0.0555456,500
77,4,route_4_to_9,159,24,0.150943,0.0535258,500
77,5,route_5_to_9,153,6,0.0392157,0.0515059,500
77,6,route_6_to_9,146,33,0.226027,0.0491494,500
77,7,route_7_to_9,140,50,0.357143,0.0471296,500
77,8,route_8_to_9,134,10,0.0746269,0.0451098,500
78,0,route_0_to_9,122,81,0.663934,0.0410701,500
78,1,route_1_to_9,128,49,0.382812,0.0430899,500
78,5,route_5_to_9,147,0,0,0.0022656,500
78,2,route_2_to_9,134,66,0.492537,0.0451098,500
78,8,route_8_to_9,33,0,0,0.00052736,500
78,3,route_3_to_9,140,81,0.578571,0.0471296,500
78,4,route_4_to_9,146,31,0.212329,0.0491494,500
78,5,route_5_to_9,152,22,0.144737,0.0511693,500
78,6,route_6_to_9,159,2,0.0125786,0.0535258,500
78,7,route_7_to_9,165,66,0.4,0.0555456,500
78,8,route_8_to_9,171,21,0.122807,0.0575654,500
79,0,route_0_to_9,183,93,0.508197,0.0616051,1200
79,1,route_1_to_9,177,84,0.474576,0.0595853,1200
79,5,route_5_to_9,108,1,0.00925926,0.00166912,1200
79,2,route_2_to_9,171,70,0.409357,0.0575654,1200
79,8,route_8_to_9,67,0,0,0.00106496,1200
79,3,route_3_to_9,165,66,0.4,0.0555456,1200
79,4,route_4_to_9,159,24,0.150943,0.0535258,1200
79,5,route_5_to_9,153,13,0.0849673,0.0515059,1200
79,6,route_6_to_9,147,28,0.190476,0.0494861,1200
79,7,route_7_to_9,141,77,0.546099,0.0474662,1200
79,8,route_8_to_9,134,15,0.11194,0.0451098,1200
80,0,route_0_to_9,292,271,0.928082,0.0982989,1200
80,1,route_1_to_9,306,230,0.751634,0.103012,1200
80,5,route_5_to_9,132,1,0.00757576,0.00203776,1200
80,2,route_2_to_9,321,307,0.956386,0.108061,1200
80,8,route_8_to_9,71,3,0.0422535,0.00120832,1200
80,3,route_3_to_9,335,320,0.955224,0.112774,1200
80,4,route_4_to_9,350,166,0.474286,0.117824,1200
80,5,route_5_to_9,364,52,0.142857,0.122537,1200
80,6,route_6_to_9,378,242,0.640212,0.12725,1200
80,7,route_7_to_9,393,369,0.938931,0.1323,1200
80,8,route_8_to_9,410,83,0.202439,0.138022,1200
81,0,route_0_to_9,440,346,0.786364,0.148122,1200
81,1,route_1_to_9,425,271,0.637647,0.143072,1200
81,5,route_5_to_9,85,2,0.0235294,0.0013184,1200
81,2,route_2_to_9,411,339,0.824818,0.138359,1200
81,8,route_8_to_9,66,0,0,0.00110592,1200
81,3,route_3_to_9,396,375,0.94697,0.133309,1200
81,4,route_4_to_9,381,119,0.312336,0.12826,1200
81,5,route_5_to_9,367,45,0.122616,0.123547,1200
81,6,route_6_to_9,352,277,0.786932,0.118497,1200
81,7,route_7_to_9,337,325,0.964392,0.113448,1200
81,8,route_8_to_9,323,49,0.151703,0.108735,1200
82,0,route_0_to_9,293,273,0.931741,0.0986355,1200
82,1,route_1_to_9,308,303,0.983766,0.103685,1200
82,5,route_5_to_9,82,0,0,0.00127744,1200
82,2,route_2_to_9,322,318,0.987578,0.108398,1200
82,8,route_8_to_9,35,2,0.0571429,0.00056576,1200
82,3,route_3_to_9,337,337,1,0.113448,1200
82,4,route_4_to_9,352,111,0.315341,0.118497,1200
82,5,route_5_to_9,366,27,0.0737705,0.12321,1200
82,6,route_6_to_9,381,231,0.606299,0.12826,1200
82,7,route_7_to_9,396,388,0.979798,0.133309,1200
82,8,route_8_to_9,410,119,0.290244,0.138022,1200
83,0,route_0_to_9,439,420,0.95672,0.147785,1200
83,1,route_1_to_9,425,385,0.905882,0.143072,1200
83,5,route_5_to_9,79,4,0.0506329,0.00121856,1200
83,2,route_2_to_9,410,408,0.995122,0.138022,1200
83,8,route_8_to_9,52,3,0.0576923,0.00084992,1200
83,3,route_3_to_9,395,394,0.997468,0.132973,1200
83,4,route_4_to_9,381,137,0.35958,0.12826,1200
83,5,route_5_to_9,366,28,0.0765027,0.12321,1200
83,6,route_6_to_9,351,209,0.595442,0.118161,1200
83,7,route_7_to_9,337,328,0.973294,0.113448,1200
83,8,route_8_to_9,322,39,0.121118,0.108398,1200
84,0,route_0_to_9,293,251,0.856655,0.0986355,1200
84,1,route_1_to_9,307,197,0.641694,0.103348,1200
84,5,route_5_to_9,51,0,0,0.00079104,1200
84,2,route_2_to_9,322,301,0.934783,0.108398,1200
84,8,route_8_to_9,54,0,0,0.00089344,1200
84,3,route_3_to_9,337,333,0.988131,0.113448,1200
84,4,route_4_to_9,351,179,0.509972,0.118161,1200
84,5,route_5_to_9,366,82,0.224044,0.12321,1200
84,6,route_6_to_9,381,327,0.858268,0.12826,1200
84,7,route_7_to_9,395,385,0.974684,0.132973,1200
84,8,route_8_to_9,410,78,0.190244,0.138022,1200
85,0,route_0_to_9,440,429,0.975,0.148122,1200
85,1,route_1_to_9,425,389,0.915294,0.143072,1200
85,5,route_5_to_9,125,1,0.008,0.00191744,1200
85,2,route_2_to_9,410,406,0.990244,0.138022,1200
85,8,route_8_to_9,35,2,0.0571429,0.00056576,1200
85,3,route_3_to_9,396,385,0.972222,0.133309,1200
85,4,route_4_to_9,381,196,0.514436,0.12826,1200
85,5,route_5_to_9,367,28,0.0762943,0.123547,1200
85,6,route_6_to_9,352,145,0.411932,0.118497,1200
85,7,route_7_to_9,337,318,0.94362,0.113448,1200
85,8,route_8_to_9,323,84,0.260062,0.108735,1200
86,0,route_0_to_9,293,275,0.938567,0.0986355,1200
86,1,route_1_to_9,308,301,0.977273,0.103685,1200
86,5,route_5_to_9,78,0,0,0.00121088,1200
86,2,route_2_to_9,323,315,0.975232,0.108735,1200
86,8,route_8_to_9,45,2,0.0444444,0.00073728,1200
86,3,route_3_to_9,337,333,0.988131,0.113448,1200
86,4,route_4_to_9,352,190,0.539773,0.118497,1200
86,5,route_5_to_9,366,78,0.213115,0.12321,1200
86,6,route_6_to_9,381,325,0.853018,0.12826,1200
86,7,route_7_to_9,396,370,0.934343,0.133309,1200
86,8,route_8_to_9,410,62,0.15122,0.138022,1200
87,0,route_0_to_9,439,381,0.867882,0.147785,1200
87,1,route_1_to_9,425,363,0.854118,0.143072,1200
87,5,route_5_to_9,114,2,0.0175439,0.00174592,1200
87,2,route_2_to_9,410,376,0.917073,0.138022,1200
87,8,route_8_to_9,63,3,0.047619,0.0010624,1200
87,3,route_3_to_9,395,376,0.951899,0.132973,1200
87,4,route_4_to_9,381,91,0.238845,0.12826,1200
87,5,route_5_to_9,366,14,0.0382514,0.12321,1200
87,6,route_6_to_9,351,221,0.62963,0.118161,1200
87,7,route_7_to_9,337,318,0.94362,0.113448,1200
87,8,route_8_to_9,322,67,0.208075,0.108398,1200
88,0,route_0_to_9,293,171,0.583618,0.0986355,1200
88,1,route_1_to_9,307,264,0.859935,0.103348,1200
88,5,route_5_to_9,118,0,0,0.00182784,1200
88,2,route_2_to_9,322,259,0.804348,0.108398,1200
88,8,route_8_to_9,62,3,0.0483871,0.00104448,1200
88,3,route_3_to_9,337,335,0.994065,0.113448,1200
88,4,route_4_to_9,351,177,0.504274,0.118161,1200
88,5,route_5_to_9,366,60,0.163934,0.12321,1200
88,6,route_6_to_9,381,259,0.67979,0.12826,1200
88,7,route_7_to_9,395,340,0.860759,0.132973,1200
88,8,route_8_to_9,410,138,0.336585,0.138022,1200
89,0,route_0_to_9,440,421,0.956818,0.148122,1200
89,1,route_1_to_9,425,348,0.818824,0.143072,1200
89,5,route_5_to_9,89,1,0.011236,0.00137984,1200
89,2,route_2_to_9,410,390,0.95122,0.138022,1200
89,8,route_8_to_9,25,5,0.2,0.00040192,1200
89,3,route_3_to_9,396,394,0.994949,0.133309,1200
89,4,route_4_to_9,381,104,0.272966,0.12826,1200
89,5,route_5_to_9,366,21,0.057377,0.12321,1200
89,6,route_6_to_9,352,238,0.676136,0.118497,1200
89,7,route_7_to_9,337,324,0.961424,0.113448,1200
89,8,route_8_to_9,322,89,0.276398,0.108398,1200
90,0,route_0_to_9,293,276,0.94198,0.0986355,1200
90,1,route_1_to_9,308,269,0.873377,0.103685,1200
90,5,route_5_to_9,98,0,0,0.00152064,1200
90,2,route_2_to_9,323,323,1,0.108735,1200
90,8,route_8_to_9,43,1,0.0232558,0.00077824,1200
90,3,route_3_to_9,337,337,1,0.113448,1200
90,4,route_4_to_9,352,247,0.701705,0.118497,1200
90,5,route_5_to_9,367,55,0.149864,0.123547,1200
90,6,route_6_to_9,381,230,0.603675,0.12826,1200
90,7,route_7_to_9,396,338,0.853535,0.133309,1200
90,8,route_8_to_9,411,132,0.321168,0.138359,1200
91,0,route_0_to_9,439,334,0.76082,0.147785,1200
91,1,route_1_to_9,424,298,0.70283,0.142735,1200
91,5,route_5_to_9,115,1,0.00869565,0.00176384,1200
91,2,route_2_to_9,410,384,0.936585,0.138022,1200
91,8,route_8_to_9,34,1,0.0294118,0.00056576,1200
91,3,route_3_to_9,395,394,0.997468,0.132973,1200
91,4,route_4_to_9,380,206,0.542105,0.127923,1200
91,5,route_5_to_9,366,96,0.262295,0.12321,1200
91,6,route_6_to_9,351,241,0.68661,0.118161,1200
91,7,route_7_to_9,336,286,0.85119,0.113111,1200
91,8,route_8_to_9,322,48,0.149068,0.108398,1200
92,0,route_0_to_9,293,271,0.924915,0.0986355,1200
92,1,route_1_to_9,308,266,0.863636,0.103685,1200
92,5,route_5_to_9,86,1,0.0116279,0.00132096,1200
92,2,route_2_to_9,322,321,0.996894,0.108398,1200
92,8,route_8_to_9,49,2,0.0408163,0.00084736,1200
92,3,route_3_to_9,337,316,0.937685,0.113448,1200
92,4,route_4_to_9,352,171,0.485795,0.118497,1200
92,5,route_5_to_9,366,0,0,0.12321,1200
92,6,route_6_to_9,381,257,0.674541,0.12826,1200
92,7,route_7_to_9,396,382,0.964646,0.133309,1200
92,8,route_8_to_9,410,115,0.280488,0.138022,1200
93,0,route_0_to_9,439,429,0.977221,0.147785,1200
93,1,route_1_to_9,425,391,0.92,0.143072,1200
93,5,route_5_to_9,96,1,0.0104167,0.00148224,1200
93,2,route_2_to_9,410,403,0.982927,0.138022,1200
93,8,route_8_to_9,48,3,0.0625,0.00077312,1200
93,3,route_3_to_9,396,396,1,0.133309,1200
93,4,route_4_to_9,381,154,0.404199,0.12826,1200
93,5,route_5_to_9,366,23,0.0628415,0.12321,1200
93,6,route_6_to_9,352,138,0.392045,0.118497,1200
93,7,route_7_to_9,337,319,0.946588,0.113448,1200
93,8,route_8_to_9,322,72,0.223602,0.108398,1200
94,0,route_0_to_9,293,288,0.982935,0.0986355,1200
94,1,route_1_to_9,307,301,0.980456,0.103348,1200
94,5,route_5_to_9,68,4,0.0588235,0.0010496,1200
94,2,route_2_to_9,322,280,0.869565,0.108398,1200
94,8,route_8_to_9,15,4,0.266667,0.00027904,1200
94,3,route_3_to_9,336,327,0.973214,0.113111,1200
94,4,route_4_to_9,351,100,0.2849,0.118161,1200
94,5,route_5_to_9,366,9,0.0245902,0.12321,1200
94,6,route_6_to_9,380,192,0.505263,0.127923,1200
94,7,route_7_to_9,395,363,0.918987,0.132973,1200
94,8,route_8_to_9,410,158,0.385366,0.138022,1200
95,0,route_0_to_9,440,422,0.959091,0.148122,1200
95,1,route_1_to_9,425,405,0.952941,0.143072,1200
95,5,route_5_to_9,65,1,0.0153846,0.00100864,1200
95,2,route_2_to_9,411,363,0.883212,0.138359,1200
95,8,route_8_to_9,33,0,0,0.00057088,1200
95,3,route_3_to_9,396,392,0.989899,0.133309,1200
95,4,route_4_to_9,381,169,0.44357,0.12826,1200
95,5,route_5_to_9,367,30,0.0817439,0.123547,1200
95,6,route_6_to_9,352,158,0.448864,0.118497,1200
95,7,route_7_to_9,337,280,0.830861,0.113448,1200
95,8,route_8_to_9,323,0,0,0.108735,1200
96,0,route_0_to_9,293,272,0.928328,0.0986355,1200
96,1,route_1_to_9,308,272,0.883117,0.103685,1200
96,5,route_5_to_9,106,1,0.00943396,0.00164864,1200
96,2,route_2_to_9,322,313,0.97205,0.108398,1200
96,8,route_8_to_9,50,0,0,0.0008064,1200
96,3,route_3_to_9,337,327,0.970326,0.113448,1200
96,4,route_4_to_9,352,110,0.3125,0.118497,1200
96,5,route_5_to_9,366,75,0.204918,0.12321,1200
96,6,route_6_to_9,381,236,0.619423,0.12826,1200
96,7,route_7_to_9,396,380,0.959596,0.133309,1200
96,8,route_8_to_9,410,149,0.363415,0.138022,1200
97,0,route_0_to_9,439,414,0.943052,0.147785,1200
97,1,route_1_to_9,425,408,0.96,0.143072,1200
97,5,route_5_to_9,110,3,0.0272727,0.00169216,1200
97,2,route_2_to_9,410,410,1,0.138022,1200
97,8,route_8_to_9,26,2,0.0769231,0.00045312,1200
97,3,route_3_to_9,395,350,0.886076,0.132973,1200
97,4,route_4_to_9,381,115,0.301837,0.12826,1200
97,5,route_5_to_9,366,16,0.0437158,0.12321,1200
97,6,route_6_to_9,351,214,0.609687,0.118161,1200
97,7,route_7_to_9,337,324,0.961424,0.113448,1200
97,8,route_8_to_9,322,72,0.223602,0.108398,1200
98,0,route_0_to_9,293,275,0.938567,0.0986355,1200
98,1,route_1_to_9,307,288,0.938111,0.103348,1200
98,5,route_5_to_9,75,2,0.0266667,0.00115968,1200
98,2,route_2_to_9,322,301,0.934783,0.108398,1200
98,8,route_8_to_9,33,2,0.0606061,0.0006144,1200
98,3,route_3_to_9,337,337,1,0.113448,1200
98,4,route_4_to_9,351,223,0.635328,0.118161,1200
98,5,route_5_to_9,366,28,0.0765027,0.12321,1200
98,6,route_6_to_9,381,232,0.608924,0.12826,1200
98,7,route_7_to_9,395,332,0.840506,0.132973,1200
98,8,route_8_to_9,410,161,0.392683,0.138022,1200
